Workbook

Sheet Sheet1
J2: bugget | K2: 60 | M2: my Schedule | N2: I have meeting at 8:30 PM | S2: price | V2: FALSE | W2: TRUE
J3: 20+bugget | K3: =K2+20 -> 80 | N3: travel time is 30 min | S3: 60 | T3: =S3>K2 -> FALSE | V3: bugget is low | W3: bugget is good
M4: meeting time | N4: 0.85416667 | P4: Travel Time | Q4: 0.020833333
E6: seat_no | F6: customer_name | G6: baggage_weight | H6: seat_class | I6: ticket_no | J6: price | K6: from | L6: to | M6: time | N6: company | O6: difference | P6: output | Q6: if else | R6: if else if
E7: 101 | F7: cust1 | G7: 20 | H7: P | I7: T-101 | J7: 60 | K7: NAGPUR | L7: DELHI | M7: 0.83333333 | N7: indigo | O7: =Sheet1!N$4-M7 -> 0.020833333 | P7: =IF(O7>Sheet1!Q$4,"I can travel","cant travel") -> cant travel | Q7: =IF(Sheet1!K$2>=J7,"bugget is good","bugget is low") -> bugget is good | R7: =IF(Sheet1!K$2>J7,"bugget is good",IF(Sheet1!K$3>J7,"increase bugget is good","bugget is low")) -> increase bugget is good
E8: 102 | F8: cust2 | G8: 30 | H8: E | I8: T-102 | J8: 50 | K8: PUNE | L8: MUMBAI | M8: 0.64583333 | N8: AIR INDIA | O8: =Sheet1!N$4-M8 -> 0.20833333 | P8: =IF(O8>Sheet1!Q$4,"I can travel","cant travel") -> I can travel | Q8: =IF(Sheet1!K$2>=J8,"bugget is good","bugget is low") -> bugget is good | R8: =IF(Sheet1!K$2>J8,"bugget is good",IF(Sheet1!K$3>J8,"increase bugget is good","bugget is low")) -> bugget is good
E9: 103 | F9: ARC_cust | G9: 50 | H9: L | I9: T-103 | J9: 100 | K9: NAGPUR | L9: DUBAI | M9: 0.34027778 | N9: qatar airlines | O9: =Sheet1!N$4-M9 -> 0.51388889 | P9: =IF(O9>Sheet1!Q$4,"I can travel","cant travel") -> I can travel | Q9: =IF(Sheet1!K$2>=J9,"bugget is good","bugget is low") -> bugget is low | R9: =IF(Sheet1!K$2>J9,"bugget is good",IF(Sheet1!K$3>J9,"increase bugget is good","bugget is low")) -> bugget is low
E10: 104 | F10: Vigo_cust | G10: 40 | H10: L | I10: T-104 | J10: 120 | K10: DUBAI | L10: MUMBAI | M10: 0.023611111 | N10: qatar airlines | O10: =Sheet1!N$4-M10 -> 0.83055556 | P10: =IF(O10>Sheet1!Q$4,"I can travel","cant travel") -> I can travel | Q10: =IF(Sheet1!K$2>=J10,"bugget is good","bugget is low") -> bugget is low | R10: =IF(Sheet1!K$2>J10,"bugget is good",IF(Sheet1!K$3>J10,"increase bugget is good","bugget is low")) -> bugget is low
E11: 105 | F11: arc2 | G11: 10 | H11: E | I11: T-105 | J11: 80 | K11: NAGPUR | L11: hyderabad | M11: 0.99652778 | N11: indigo | O11: =Sheet1!N$4-M11 -> -0.14236111 | P11: =IF(O11>Sheet1!Q$4,"I can travel","cant travel") -> cant travel | Q11: =IF(Sheet1!K$2>=J11,"bugget is good","bugget is low") -> bugget is low | R11: =IF(Sheet1!K$2>J11,"bugget is good",IF(Sheet1!K$3>J11,"increase bugget is good","bugget is low")) -> bugget is low
E12: 106 | F12: DB_user1 | G12: 30 | H12: p | I12: T-106 | J12: 60 | K12: hyderabad | L12: MUMBAI | M12: 0.50347222 | N12: AIR INDIA | O12: =Sheet1!N$4-M12 -> 0.35069444 | P12: =IF(O12>Sheet1!Q$4,"I can travel","cant travel") -> I can travel | Q12: =IF(Sheet1!K$2>=J12,"bugget is good","bugget is low") -> bugget is good | R12: =IF(Sheet1!K$2>J12,"bugget is good",IF(Sheet1!K$3>J12,"increase bugget is good","bugget is low")) -> increase bugget is good
I15: problem + logic = output
O16: which ticket can I buy | P16: =_xlfn.MINIFS(O7:O12,P7:P12,"I can travel") -> 0.20833333 | Q16: =MATCH(P16,O7:O12) -> 2
P17: {=INDEX(Sheet1!I7:I12,Sheet1!Q16)} -> T-102
